Workbook

Sheet 24种材料特征矩阵
A1: Material | B1: 来源 | C1: 核心1 Formation energy / atom, Ef (eV/atom) | D1: 核心2 Li平均Bader电荷, qLi (e) | E1: 核心3 Li平均配位数, CN_Li | F1: 核心4 归一化Li–X距离, d_norm | G1: 核心5 每Li对应体积, V/N_Li (Å³/Li) | H1: 核心6 Li–骨架电负性差, Δχ | I1: 核心7 Band gap, Eg (eV) | J1: 候选1 Energy above hull, E_hull (eV/atom) | K1: 候选2 Li atomic fraction, x_Li | L1: 候选3 Density, ρ (g/cm³) | M1: 候选4 Volume / atom, V/N_atom (Å³/atom) | N1: 候选5 平均Li–X键长, d̄_Li-X (Å) | O1: 候选6 Li–X键长标准差, σ_d (Å) | P1: 候选7 Li–X键长范围, Δd (Å) | Q1: 候选8 Li配位数标准差, σ_CN | R1: 候选9 平均框架电负性, χ̄_framework | S1: 候选10 平均框架原子半径, r̄_framework | T1: 候选11 平均原子序数, Z̄ | U1: 候选12 平均原子质量, M̄ (g/mol-atom) | V1: 候选13 Bulk平均ELF (3D) | W1: 候选14 ELF≥0.8体积分数 (%) | X1: 候选15 ELF≤0.2体积分数 (%) | Y1: 候选16 骨架电负性标准差 σ_χ | Z1: 候选17 框架含氧原子分数 xO_fw | AA1: 候选18 空位浓度 | AB1: 候选19 Li_mean_charge_loss | AC1: 候选20 vacancy_concentration_percent | AD1: Y 最低中性Li空位形成能 E_f(V_Li^0) (eV)
A2: Li5FeO4 | B2: https://next-gen.materialsproject.org/materials/mp-19511 | C2: -2.042 | D2: 0.65161 | E2: 4 | F2: 1.0177281 | G2: 18.799715 | H2: 2.138 | I2: 3.05 | J2: 0 | K2: 0.5 | L2: 2.7300559 | M2: 9.3998575 | N2: 1.9743926 | O2: 0.049396947 | P2: 0.20473362 | Q2: 0 | R2: 3.118 | S2: 0.792 | T2: 7.3 | U2: 15.4541 | V2: 0.2743 | W2: 6.52 | X2: 56.564331 | Y2: =[1]组成与元素参数!W2 -> 0.644 | Z2: =[1]组成与元素参数!W2 -> 0.644 | AA2: 2.5 | AB2: 0.65161483 | AC2: 2.5 | AD2: 2.91205
A3: Li6CoO4 | B3: https://next-gen.materialsproject.org/materials/mp-18925 | C3: -1.939 | D3: 0.83989304 | E3: 4 | F3: 1.0216036 | G3: 16.092943 | H3: 2.148 | I3: 2.4 | J3: 0 | K3: 0.54545455 | L3: 2.8301596 | M3: 8.7779687 | N3: 1.9819109 | O3: 0.073350417 | P3: 0.20026066 | Q3: 0 | R3: 3.128 | S3: 0.78 | T3: 7 | U3: 14.960836 | V3: 0.2751 | W3: 6.29 | X3: 58.425564 | Y3: =[1]组成与元素参数!W3 -> 0.624 | Z3: =[1]组成与元素参数!W3 -> 0.624 | AA3: 4.1666667 | AB3: 0.83989304 | AC3: 4.1666667 | AD3: 1.36774
A4: Li2NiO2 | B4: https://next-gen.materialsproject.org/materials/mp-19308 | C4: -1.722 | D4: 0.6352865 | E4: 4 | F4: 0.99223859 | G4: 20.625756 | H4: 1.95 | I4: 0.91 | J4: 0.003 | K4: 0.4 | L4: 4.209419 | M4: 8.2503022 | N4: 1.9249429 | O4: 0.064317486 | P4: 0.14853489 | Q4: 0 | R4: 2.93 | S4: 0.85333333 | T4: 10 | U4: 20.91428 | V4: 0.2691 | W4: 6.54 | X4: 61.994048 | Y4: =[1]组成与元素参数!W4 -> 0.72124892 | Z4: =[1]组成与元素参数!W4 -> 0.72124892 | AA4: 6.25 | AB4: 0.6352865 | AC4: 6.25 | AD4: 2.22864
A5: Li2CuO2 | B5: https://next-gen.materialsproject.org/materials/mp-4711 | C5: -1.662 | D5: 0.77753956 | E5: 4 | F5: 1.0020499 | G5: 24.09136 | H5: 1.9466667 | I5: 0 | J5: 0.014 | K5: 0.4 | L5: 3.7711202 | M5: 9.6365439 | N5: 1.9439769 | O5: 0.017735064 | P5: 0.035470128 | Q5: 0 | R5: 2.9266667 | S5: 0.88 | T5: 10.2 | U5: 21.8848 | V5: 0.2483 | W5: 5.62 | X5: 64.794239 | Y5: =[1]组成与元素参数!W5 -> 0.72596296 | Z5: =[1]组成与元素参数!W5 -> 0.72596296 | AA5: 6.25 | AB5: 0.77753956 | AC5: 6.25 | AD5: 2.5925
A6: Li4SiO4 | B6: https://next-gen.materialsproject.org/materials/mp-11737 | C6: -2.675 | D6: 0.71672944 | E6: 4 | F6: 1.0289375 | G6: 20.329072 | H6: 2.152 | I6: 4.78 | J6: 0 | K6: 0.44444444 | L6: 2.4472423 | M6: 9.0351431 | N6: 1.9961388 | O6: 0.049914787 | P6: 0.15697847 | Q6: 0 | R6: 3.132 | S6: 0.75 | T6: 6.4444444 | U6: 13.315667 | V6: 0.3036 | W6: 7.91 | X6: 51.604938 | Y6: =[1]组成与元素参数!W6 -> 0.616 | Z6: =[1]组成与元素参数!W6 -> 0.616 | AA6: 6.25 | AB6: 0.71672944 | AC6: 6.25 | AD6: 4.31002
A7: Li6MnO4 | B7: https://next-gen.materialsproject.org/materials/mp-770533 | C7: -2.051 | D7: 0.81646946 | E7: 2.6666667 | F7: 0.99412432 | G7: 16.575795 | H7: 2.082 | I7: 2.62 | J7: 0.006 | K7: 0.54545455 | L7: 2.6810124 | M7: 9.0413429 | N7: 1.9286012 | O7: 0.019533599 | P7: 0.050792213 | Q7: 0.94280904 | R7: 3.062 | S7: 0.806 | T7: 6.8181818 | U7: 14.59764 | V7: 0.2769 | W7: 5.96 | X7: 55.585317 | Y7: =[1]组成与元素参数!W7 -> 0.756 | Z7: =[1]组成与元素参数!W7 -> 0.756 | AA7: 4.1666667 | AB7: 0.81646946 | AC7: 4.1666667 | AD7: 1.49936
A8: Li6ZnO4 | B8: https://next-gen.materialsproject.org/materials/mp-14495 | C8: -2.036 | D8: 0.90171171 | E8: 4 | F8: 1.0214417 | G8: 16.115714 | H8: 2.102 | I8: 3.51 | J8: 0 | K8: 0.54545455 | L8: 2.9368721 | M8: 8.7903897 | N8: 1.981597 | O8: 0.074797078 | P8: 0.19735212 | Q8: 0 | R8: 3.082 | S8: 0.772 | T8: 7.2727273 | U8: 15.546909 | V8: 0.2798 | W8: 6.38 | X8: 57.584635 | Y8: =[1]组成与元素参数!W8 -> 0.716 | Z8: =[1]组成与元素参数!W8 -> 0.716 | AA8: 4.1666667 | AB8: 0.90171171 | AC8: 4.1666667 | AD8: 3.60318
A9: Li5AlO4 | B9: https://next-gen.materialsproject.org/materials/mp-15960 | C9: -2.496 | D9: 0.6673482 | E9: 3.8 | F9: 1.0128561 | G9: 18.072757 | H9: 2.094 | I9: 4.66 | J9: 0 | K9: 0.5 | L9: 2.3094702 | M9: 9.0363783 | N9: 1.9649408 | O9: 0.041876319 | P9: 0.1390007 | Q9: 0.4 | R9: 3.074 | S9: 0.77 | T9: 6 | U9: 12.567754 | V9: 0.301 | W9: 7.66 | X9: 53.009033 | Y9: =[1]组成与元素参数!W9 -> 0.732 | Z9: =[1]组成与元素参数!W9 -> 0.732 | AA9: 2.5 | AB9: 0.6673482 | AC9: 2.5 | AD9: 4.303
A10: Li2MoO3 | B10: https://next-gen.materialsproject.org/materials/mp-694855 | C10: -2.154 | D10: 0.70228494 | E10: 6 | F10: 1.0829465 | G10: 26.712628 | H10: 2.14 | I10: 1.36 | J10: 0 | K10: 0.33333333 | L10: 4.9055058 | M10: 8.9042092 | N10: 2.1009162 | O10: 0.072060287 | P10: 0.24088756 | Q10: 0 | R10: 3.12 | S10: 0.88 | T10: 12 | U10: 26.3045 | V10: 0.307 | W10: 6.95 | X10: 48.163265 | Y10: =[1]组成与元素参数!W10 -> 0.55425626 | Z10: =[1]组成与元素参数!W10 -> 0.55425626 | AA10: 6.25 | AB10: 0.70228494 | AC10: 6.25 | AD10: 1.97143
A11: Li8ZrO6 | B11: https://next-gen.materialsproject.org/materials/mp-755225 | C11: -2.463 | D11: 0.7141275 | E11: 3.75 | F11: 1.0230506 | G11: 16.509415 | H11: 2.1585714 | I11: 4.76 | J11: 0.001 | K11: 0.53333333 | L11: 3.0518641 | M11: 8.8050213 | N11: 1.9847182 | O11: 0.082315318 | P11: 0.25003198 | Q11: 0.4330127 | R11: 3.1385714 | S11: 0.81571429 | T11: 7.4666667 | U11: 16.182533 | V11: 0.3071 | W11: 7.9 | X11: 52.129464 | Y11: =[1]组成与元素参数!W11 -> 0.73834619 | Z11: =[1]组成与元素参数!W11 -> 0.73834619 | AA11: 6.25 | AB11: 0.7141275 | AC11: 6.25 | AD11: 3.74833
A12: Li3BO3 | B12: https://next-gen.materialsproject.org/materials/mp-27275 | C12: -2.555 | D12: 0.71118938 | E12: 4 | F12: 1.0093419 | G12: 19.859564 | H12: 2.11 | I12: 5.15 | J12: 0 | K12: 0.42857143 | L12: 2.2193126 | M12: 8.5112419 | N12: 1.9581233 | O12: 0.032107575 | P12: 0.090270247 | Q12: 0 | R12: 3.09 | S12: 0.705 | T12: 5.4285714 | U12: 11.375286 | V12: 0.3024 | W12: 7.68 | X12: 51.788194 | Y12: =[1]组成与元素参数!W12 -> 0.60621778 | Z12: =[1]组成与元素参数!W12 -> 0.60621778 | AA12: 4.1666667 | AB12: 0.71118938 | AC12: 4.1666667 | AD12: 4.20453
A13: LiNO3 | B13: https://next-gen.materialsproject.org/materials/mp-8180 | C13: -1.387 | D13: 0.81098056 | E13: 6 | F13: 1.0908133 | G13: 46.400425 | H13: 2.36 | I13: 2.94 | J13: 0 | K13: 0.2 | L13: 2.4673094 | M13: 9.280085 | N13: 2.1161777 | O13: 4.6314878e-08 | P13: 1.475621e-07 | Q13: 0 | R13: 3.34 | S13: 0.6725 | T13: 6.8 | U13: 13.7888 | V13: 0.3103 | W13: 9.62 | X13: 52.171429 | Y13: =[1]组成与元素参数!W13 -> 0.17320508 | Z13: =[1]组成与元素参数!W13 -> 0.17320508 | AA13: 6.25 | AB13: 0.81098056 | AC13: 6.25 | AD13: 5.06723
... A25: Li2C4O4 | B25: https://next-gen.materialsproject.org/materials/mp-546920 | C25: -1.351 | D25: 0.83012438 | E25: 4 | F25: 1.0309987 | G25: 57.891056 | H25: 2.015 | I25: 2.22 | J25: 0.263 | K25: 0.2 | L25: 1.805936 | M25: 11.578211 | N25: 2.0001375 | O25: 0.016116965 | P25: 0.032233929 | Q25: 0 | R25: 2.995 | S25: 0.71 | T25: 6.2 | U25: 12.592 | V25: 0.2893 | W25: 7.09 | X25: 52.876984 | Y25: =[1]组成与元素参数!W25 -> 0.445 | Z25: =[1]组成与元素参数!W25 -> 0.445 | AA25: 6.25 | AB25: 0.83012438 | AC25: 6.25 | AD25: 3.87592

Sheet 描述符说明与来源
A1: 字段 | B1: 层级 | C1: 来源/计算方式 | D1: 定义/备注
A2: Formation energy / atom, Ef | B2: 核心1 | C2: DFT / Materials Project | D2: 母相形成能，统一为 eV/atom
A3: Li平均Bader电荷, qLi | B3: 核心2 | C3: DFT电荷密度 + Bader | D3: 所有Li位点Bader电荷平均值
A4: Li平均配位数, CN_Li | B4: 核心3 | C4: CIF结构分析 | D4: 对所有Li位点的最近邻配位数取平均
A5: 归一化Li–X距离, d_norm | B5: 核心4 | C5: CIF + 原子/离子半径表 | D5: d_Li-X /(r_Li+r_X)；X为Li最近邻骨架元素
A6: 每Li对应体积, V/N_Li | B6: 核心5 | C6: CIF派生 | D6: 晶胞体积除以晶胞内Li原子数
A7: Li–骨架电负性差, Δχ | B7: 核心6 | C7: 化学式/CIF + 电负性表 | D7: χ_framework − χ_Li；framework为非Li骨架加权平均
A8: Band gap, Eg | B8: 核心7 | C8: DFT / Materials Project | D8: 统一DFT设置或同一MP数据版本
A9: Energy above hull, E_hull | B9: 候选1 | C9: DFT数据库 + 相图后处理 / MP | D9: 相对竞争相的亚稳程度
A10: Li atomic fraction, x_Li | B10: 候选2 | C10: 化学式/CIF | D10: N_Li / N_total
A11: Density, ρ | B11: 候选3 | C11: CIF派生 / MP | D11: 晶体密度
A12: Volume / atom, V/N_atom | B12: 候选4 | C12: CIF派生 | D12: 晶胞体积 / 总原子数
... A21: 第一Li最低脱出能, E_Li-ext^min | B21: Y | C21: DFT：母相+去Li结构总能 | D21: 取所有不等价Li位点中最低的第一Li脱出能；唯一预测目标
